platformId,postUrl
2904262983889696561_30110307818,https://www.instagram.com/p/ChOA8vhD7cx/
2904211261445707684_255119665,https://www.instagram.com/p/ChN1MFPKRek/
2904203927059457025_2332494216,https://www.instagram.com/p/ChNzhWjrGQB/
2904203388107924802_3838734774,https://www.instagram.com/p/ChNzZgnqKVC/
2904197221726853252_19768471310,https://www.instagram.com/p/ChNx_xutJiE/
2904190911068828816_5506826061,https://www.instagram.com/p/ChNwj8eLPSQ/
2904182855136580700_49885829606,https://www.instagram.com/p/ChNuutzMhRc/
2904179391664913554_621799674,https://www.instagram.com/p/ChNt8UMMnyS/
2904178737143652531_9402185003,https://www.instagram.com/p/ChNtyynsKCz/
2904176289582371109_1598914394,https://www.instagram.com/p/ChNtPLJq1El/
2904172967811112247_8209465484,https://www.instagram.com/p/ChNse1grF03/
2904172966880034954_7057808919,https://www.instagram.com/p/ChNse0pLUCK/
2904172950119808904_9277194578,https://www.instagram.com/p/ChNselCMH-I/
2904171005916223816_4350803575,https://www.instagram.com/p/ChNsCSWoBlI/
2904160590957076467_4322467884,https://www.instagram.com/p/ChNpquqr1_z/
2904158209607264208_19768471310,https://www.instagram.com/p/ChNpIE3LOfQ/
2904156848296161159_19768471310,https://www.instagram.com/p/ChNo0RCte-H/
2904155788026111969_188267230,https://www.instagram.com/p/ChNok1lsOfh/
2904153576626515812_1383314512,https://www.instagram.com/tv/ChNoEqEAO9k/
2904149052418714881_1977725305,https://www.instagram.com/p/ChNnC0kNG0B/
2903887677953579198_7395017850,https://www.instagram.com/p/ChMrnUoDpi-/
2903887185946101291_4266075939,https://www.instagram.com/p/ChMrgKaIEYr/
2903885973163107965_2250637449,https://www.instagram.com/p/ChMrOg6oGZ9/
2903884471452536175_46998518642,https://www.instagram.com/p/ChMq4qVs41v/
2903884134471330402_2981411205,https://www.instagram.com/p/ChMqzwgDmpi/
2903883261798368601_8384788979,https://www.instagram.com/p/ChMqnDwscVZ/
2903882843844275176_621799674,https://www.instagram.com/p/ChMqg-gsGvo/
2903881842563555523_2076377877,https://www.instagram.com/p/ChMqSZ_tSDD/
2903880699404667490_4017087219,https://www.instagram.com/p/ChMqBxWIMpi/
2903880498599255144_50479912369,https://www.instagram.com/p/ChMp-2VMVxo/
2903880269758176129_2237242360,https://www.instagram.com/p/ChMp7hNM5uB/
2903875892305536223_7645426628,https://www.instagram.com/p/ChMo70YsSTf/
2903875015150412307_21282544870,https://www.instagram.com/p/ChMovDeLCIT/
2903874023264972375_8320912235,https://www.instagram.com/p/ChMogntMW5X/
2903873505293641774_7057808919,https://www.instagram.com/p/ChMoZFTsigu/
2903873500084292187_9277194578,https://www.instagram.com/p/ChMoZAdMcpb/
2903873486318573122_8209465484,https://www.instagram.com/p/ChMoYzosZZC/
2903873280739177880_19768471310,https://www.instagram.com/p/ChMoV0LNPWY/
2903871777289623676_5850999645,https://www.instagram.com/p/ChMn_7-oVh8/
2903871160040375221_5962299690,https://www.instagram.com/p/ChMn29HtUO1/
2903870904372445618_36019779956,https://www.instagram.com/p/ChMnzPAtkGy/
2903869885463565463_5003274842,https://www.instagram.com/p/ChMnkaFApSX/
2903869581874890080_344987949,https://www.instagram.com/p/ChMnf_VtwVg/
2903869581874890080_344987949,https://www.instagram.com/p/ChMnf_VtwVg/
2903869478031413650_28185192733,https://www.instagram.com/p/ChMneeoKVGS/
2903868920617668659_8608105343,https://www.instagram.com/p/ChMnWXftpAz/
2903868782783547884_37086148,https://www.instagram.com/p/ChMnUXIKMns/
2903867639467541900_15733413589,https://www.instagram.com/p/ChMnDuVNwWM/
2903866186032194121_15733413589,https://www.instagram.com/p/ChMmuktt6JJ/
2903864385652182909_5335943316,https://www.instagram.com/p/ChMmUX-tM99/
2903863006850064242_6144511913,https://www.instagram.com/p/ChMmAT3sh9y/
2903861563942650385_30500277764,https://www.instagram.com/p/ChMlrUDtkIR/
2903859882411802375_206005995,https://www.instagram.com/p/ChMlS2Aqb8H/
2903858344503864418_4168318721,https://www.instagram.com/p/ChMk8duNOxi/
2903857863694002527_5878562557,https://www.instagram.com/p/ChMk1d7tKlf/
2903856836215462515_1649785234,https://www.instagram.com/p/ChMkmhBNlpz/
2903856571093180169_4337706191,https://www.instagram.com/p/ChMkiqGsV8J/
2903855992035813075_1508110945,https://www.instagram.com/p/ChMkaO0LybT/
2903855923039957462_8159293265,https://www.instagram.com/p/ChMkZOjtfHW/
2903853928664993354_1313406420,https://www.instagram.com/p/ChMj8NJsw5K/
2903853229160927442_245290882,https://www.instagram.com/p/ChMjyBsAhDS/
2903852682268847971_24819006536,https://www.instagram.com/p/ChMjqEWsy9j/
2903852351068600053_8075326664,https://www.instagram.com/p/ChMjlP5oHb1/
2903851847451332331_29994362,https://www.instagram.com/p/ChMjd63ss7r/
2903851801020574909_30646496062,https://www.instagram.com/p/ChMjdPoNay9/
2903851227264717860_4162333122,https://www.instagram.com/p/ChMjU5RshQk/
2903850809714090564_1444658229,https://www.instagram.com/p/ChMjO0ZvSJE/
2903850770211608880_12283543380,https://www.instagram.com/p/ChMjOPnNRkw/
2903845749587529455_19329485062,https://www.instagram.com/p/ChMiFLysU7v/
2903845230030231472_8154897366,https://www.instagram.com/p/ChMh9n6qhew/
2903844502349470480_6054749612,https://www.instagram.com/p/ChMhzCNgtsQ/
2903843909772537517_840069268,https://www.instagram.com/p/ChMhqaVLG6t/
2903843357371437624_8720216241,https://www.instagram.com/p/ChMhiX3gJI4/
2903841590709390242_8337227020,https://www.instagram.com/p/ChMhIqiPQui/
2903840774947281198_3022766386,https://www.instagram.com/p/ChMg8yzBxku/
2903840664956723093_47309407086,https://www.instagram.com/p/ChMg7MXFF-V/
2903840435816038615_1535736176,https://www.instagram.com/p/ChMg329OwDX/
2903840234136104368_290728277,https://www.instagram.com/p/ChMg07IK22w/
2903840199257085562_1420751922,https://www.instagram.com/p/ChMg0apN9Z6/
2903838263053900211_13717594118,https://www.instagram.com/tv/ChMgYPag9mz/
2903839076081097405_7087873517,https://www.instagram.com/p/ChMgkEmtlq9/
2903838734018547165_621799674,https://www.instagram.com/p/ChMgfGCMg3d/
2903837944751368802_1184562560,https://www.instagram.com/p/ChMgTm-NKpi/
2903837578672723395_2138712836,https://www.instagram.com/p/ChMgOSCN9XD/
2903836666198428040_1822169126,https://www.instagram.com/p/ChMgBAOgwmI/
2903836417437691628_16561198532,https://www.instagram.com/p/ChMf9YjN27s/
2903835029270590056_345532547,https://www.instagram.com/p/ChMfpLuAnJo/
2903834782464019681_46879650425,https://www.instagram.com/p/ChMfll3MQzh/
2903834133068442459_450250890,https://www.instagram.com/p/ChMfcJEMutb/
2903834026422862373_1532049085,https://www.instagram.com/p/ChMfalvoIIl/
2903833565961749540_1822169126,https://www.instagram.com/p/ChMfT46AYQk/
2903832033860525251_1462423993,https://www.instagram.com/p/ChMe9mBqBzD/
2903828993962754049_19768471310,https://www.instagram.com/p/ChMeRW5oUAB/
2903828565573798245_1383314512,https://www.instagram.com/p/ChMeLH7qIll/
2903827850286315945_1074611189,https://www.instagram.com/p/ChMeAtxM7mp/
2903827553529652238_1275108972,https://www.instagram.com/p/ChMd8ZZIGQO/
2903826817430640097_19768471310,https://www.instagram.com/p/ChMdxr2NNXh/
2903826742552768042_1113113626,https://www.instagram.com/p/ChMdwmHIy4q/
2903825753528838315_4922373936,https://www.instagram.com/p/ChMdiNAt6ir/
2903825509889852472_12649172551,https://www.instagram.com/p/ChMdeqGs8Q4/
2903824282577734925_174194247,https://www.instagram.com/p/ChMdMzFMw0N/
2903823283290675393_32114713160,https://www.instagram.com/p/ChMc-QbDJjB/
2903823211533705534_30110307818,https://www.instagram.com/p/ChMc9NmACE-/
2903821804078409452_2294232503,https://www.instagram.com/p/ChMcouzIKbs/
2903819001210889091_5878562557,https://www.instagram.com/tv/ChMb_8bNGOD/
2903817485507018686_46138534850,https://www.instagram.com/p/ChMbp40Nr--/
2903815747445436569_4768470330,https://www.instagram.com/p/ChMbQmHq7CZ/
2903815662436415636_8720216241,https://www.instagram.com/p/ChMbPW8vPiU/
2903813716396290884_5401340322,https://www.instagram.com/p/ChMazCjtTNE/
2903811359910151898_45208478819,https://www.instagram.com/p/ChMaQv6MEba/
2903810960906190730_3612959816,https://www.instagram.com/p/ChMaK8Tsv-K/
2903810746608888930_6233410221,https://www.instagram.com/p/ChMaH0ulaxi/
2903810587286469672_7057808919,https://www.instagram.com/p/ChMaFgWOnwo/
2903810587937858913_8209465484,https://www.instagram.com/p/ChMaFg9DeVh/
2903809497711670110_2097000744,https://www.instagram.com/p/ChMZ1pmgnNe/
2903808044497173373_6957986596,https://www.instagram.com/p/ChMZggMLPt9/
2903804927650366369_5324438322,https://www.instagram.com/p/ChMYzJZoQOh/
2903803152669910195_456076220,https://www.instagram.com/p/ChMYZUUjKSz/
2903802797470394443_7263755241,https://www.instagram.com/p/ChMYUJhAihL/
2903800568810116450_16906902113,https://www.instagram.com/p/ChMXzt6gRVi/
2903799113118372239_3051114684,https://www.instagram.com/p/ChMXeiMg9GP/
2903798285405831788_621799674,https://www.instagram.com/p/ChMXSfVAMJs/
2903797888112921156_44655024791,https://www.instagram.com/p/ChMXMtUgApE/
2903797017017390415_2175756300,https://www.instagram.com/p/ChMXACDKRVP/
2903796190118698350_10454315446,https://www.instagram.com/p/ChMWz_8KF1u/
2903795946110992542_1074611189,https://www.instagram.com/p/ChMWwcsKkCe/
2903795372850722076_869636433,https://www.instagram.com/tv/ChMWoGzMLUc/
2903795171876051939_1070630740,https://www.instagram.com/p/ChMWlLoKpvj/
2903793678377246505_275652261,https://www.instagram.com/p/ChMWPcss18p/
2903792016526379554_6921892607,https://www.instagram.com/p/ChMV3Q-q4oi/
2903791183571798781_44816859498,https://www.instagram.com/p/ChMVrJOtUr9/
2903790393994034354_8608105343,https://www.instagram.com/p/ChMVfp4NLyy/
2903786404112145830_1691469415,https://www.instagram.com/p/ChMUlmAtp2m/
2903786187288365273_3231950573,https://www.instagram.com/p/ChMUicFAkjZ/
2903785843003080715_7974013465,https://www.instagram.com/p/ChMUdbcAcAL/
2903785525108534680_5902125468,https://www.instagram.com/p/ChMUYzYA-2Y/
2903785083381045795_1926126198,https://www.instagram.com/p/ChMUSX_AVoj/
2903784990923928065_5386261320,https://www.instagram.com/p/ChMURB4IbIB/
2903784299544741534_3674145212,https://www.instagram.com/p/ChMUG9-uIae/
2903783280228188394_1133929343,https://www.instagram.com/p/ChMT4IquEDq/
2903783188800189759_14074610052,https://www.instagram.com/p/ChMT2zhL7U_/
2903783082542148715_17596769419,https://www.instagram.com/p/ChMT1Qjtqxr/
2903781111629419468_428656422,https://www.instagram.com/p/ChMTYlAKRPM/
2903780558116425905_3868180,https://www.instagram.com/p/ChMTQhgNxCx/
2903780371285180340_8209465484,https://www.instagram.com/p/ChMTNzgNH-0/
2903780360791001400_7057808919,https://www.instagram.com/p/ChMTNputAk4/
2903780351404196252_9277194578,https://www.instagram.com/p/ChMTNg_NMGc/
2903780332688997682_621799674,https://www.instagram.com/p/ChMTNPjsX0y/
2903777755464385611_4220657875,https://www.instagram.com/p/ChMSnvVIsRL/
2903776235857522823_45074607454,https://www.instagram.com/p/ChMSRoFgjCH/
2903775332706422388_4175112014,https://www.instagram.com/p/ChMSEe9gg50/
2903771482925611849_5678718283,https://www.instagram.com/p/ChMRMdksLtJ/
2903769942749079052_30646496062,https://www.instagram.com/tv/ChMQ2DLA-YM/
2903768701864772863_8720216241,https://www.instagram.com/p/ChMQj_gjAT_/
2903768282844785756_4115616984,https://www.instagram.com/p/ChMQd5RAmxc/
2903767791752478258_8435175517,https://www.instagram.com/p/ChMQWv5oH4y/
2903767622186424579_1476841010,https://www.instagram.com/p/ChMQUR-s9kD/
2903767571929559848_1598914394,https://www.instagram.com/p/ChMQTjLKPMo/
2903765706756248200_257728207,https://www.instagram.com/p/ChMP4aGKtKI/
2903765495607038455_5348454090,https://www.instagram.com/p/ChMP1VcsZH3/
2903765476858863999_276272006,https://www.instagram.com/p/ChMP1D_NyF_/
2903762627835762445_203814050,https://www.instagram.com/p/ChMPLmoNJcN/
2903760697659222600_19768471310,https://www.instagram.com/p/ChMOvhAt-pI/
2903757650470819878_2086492276,https://www.instagram.com/p/ChMODLGItgm/
2903756787435017586_186843290,https://www.instagram.com/p/ChMN2nVMZVy/
2903754628844985468_43733613,https://www.instagram.com/p/ChMNXM_M5x8/
2903752850769764132_11803380331,https://www.instagram.com/p/ChMM9VBqN8k/
2903751895072563123_11803380331,https://www.instagram.com/p/ChMMva9qt-z/
2903750413375775285_1275108972,https://www.instagram.com/p/ChMMZ3BqCI1/
2903750383092568938_220831560,https://www.instagram.com/p/ChMMZa0oxNq/
2903750327578071694_16561198532,https://www.instagram.com/p/ChMMYnHtxKO/
2903750182107845606_7057808919,https://www.instagram.com/p/ChMMWfpA5Pm/
2903750188344014077_8209465484,https://www.instagram.com/p/ChMMWlct_T9/
2903750163412950483_9277194578,https://www.instagram.com/p/ChMMWOOth3T/
2903750118171807691_12434129016,https://www.instagram.com/p/ChMMVkGIQ_L/
2903748853010952960_32349908749,https://www.instagram.com/p/ChMMDJ0qnMA/
2903969115314538432_5958911073,https://www.instagram.com/tv/ChM-IZFB0fA/
2903965375130512780_10507538427,https://www.instagram.com/p/ChM9R9wsC2M/
2903963147744893091_1598914394,https://www.instagram.com/p/ChM8xjWKNij/
2903962306929765654_2044652999,https://www.instagram.com/p/ChM8lURrC0W/
2903962185941375166_4058342106,https://www.instagram.com/p/ChM8jjmM9i-/
2903962074389904952_18835678131,https://www.instagram.com/p/ChM8h7tN344/
2903961965091990337_6437097563,https://www.instagram.com/p/ChM8gV6jatB/
2903961938032925540_280541869,https://www.instagram.com/p/ChM8f8ttRtk/
2903961616011148685_257728207,https://www.instagram.com/p/ChM8bQztr2N/
2903960355823709679_8550888405,https://www.instagram.com/p/ChM8I7KsG3v/
2903956992025692718_344987949,https://www.instagram.com/p/ChM7X-YtAou/
2903956224467518383_519535327,https://www.instagram.com/p/ChM7Mziq8Ov/
2903955930036156479_45329050600,https://www.instagram.com/p/ChM7IhVMbg_/
2903954718905346899_37969362961,https://www.instagram.com/p/ChM625YLCtT/
2903954641244143736_8659984095,https://www.instagram.com/p/ChM61xDNEB4/
2903953864132095095_8659984095,https://www.instagram.com/p/ChM6qdTt2x3/
2903951691239052796_5348454090,https://www.instagram.com/p/ChM6K1pMtX8/
2903951617343171590_17931363407,https://www.instagram.com/p/ChM6Jw0qSwG/
2903950916433978508_8659984095,https://www.instagram.com/p/ChM5_kDN6SM/
2903949820469945187_2021729264,https://www.instagram.com/p/ChM5vnWq6Nj/
2903948551768364901_6233410221,https://www.instagram.com/p/ChM5dJyKddl/
2903947423617939546_30646496062,https://www.instagram.com/p/ChM5MvHKHha/
2903946644073967188_21886944427,https://www.instagram.com/p/ChM5BZGt25U/
2903946340330540412_2016714089,https://www.instagram.com/p/ChM48-OMo18/
2903942055547212117_16210375158,https://www.instagram.com/p/ChM3-ntNZFV/
2903941243471346222_18009131854,https://www.instagram.com/p/ChM3yzZtzou/
2903940745498373467_9147646891,https://www.instagram.com/p/ChM3rjoNq1b/
2903940260778562664_428656422,https://www.instagram.com/p/ChM3kgMqVRo/
2903940193997781010_8665833806,https://www.instagram.com/p/ChM3jiAN3gS/
2903939786813295683_7072537484,https://www.instagram.com/p/ChM3dmyIUxD/
2903939334533039270_3038301223,https://www.instagram.com/p/ChM3XBkIESm/
2903937859674595812_3599805650,https://www.instagram.com/p/ChM3Bj_tmHk/
2903937300305192039_3314151250,https://www.instagram.com/p/ChM25bCsqRn/
2903934620746540121_2966004330,https://www.instagram.com/p/ChM2SbgjmRZ/
2903933920551635466_7057808919,https://www.instagram.com/p/ChM2IPZsAoK/
2903933918395926610_8209465484,https://www.instagram.com/p/ChM2INZMohS/
2903933900813383560_9277194578,https://www.instagram.com/p/ChM2H9BMjeI/
2903933830466742729_8659984095,https://www.instagram.com/p/ChM2G7gNanJ/
2903932629586339732_1383314512,https://www.instagram.com/p/ChM11dGKOeU/
2903931747599322502_6233410221,https://www.instagram.com/p/ChM1onrow2G/
2903931717007205031_8659984095,https://www.instagram.com/p/ChM1oLMNGKn/
2903930299195608674_12568225035,https://www.instagram.com/tv/ChM1TiwDE5i/
2903931364140592118_2223079925,https://www.instagram.com/p/ChM1jCjtyv2/
2903931296577243680_49445723181,https://www.instagram.com/p/ChM1iDooEog/
2903930312409083887_1916739728,https://www.instagram.com/p/ChM1TvDoe_v/
2903929703430168485_8467587468,https://www.instagram.com/p/ChM1K35qR-l/
2903928635334616332_37752714071,https://www.instagram.com/p/ChM07VKNGUM/
2903927917973267212_16635745,https://www.instagram.com/p/ChM0w5EIuMM/
2903927710599856805_3291417460,https://www.instagram.com/p/ChM0t37t8Kl/
2903927634657590539_8659984095,https://www.instagram.com/p/ChM0sxNNL0L/
2903926275945719111_1776919959,https://www.instagram.com/p/ChM0Y_zquVH/
2903926275945719111_1776919959,https://www.instagram.com/p/ChM0Y_zquVH/
2903925773895902731_8467587468,https://www.instagram.com/p/ChM0RsPKqYL/
2903923777416109480_5678718283,https://www.instagram.com/p/ChMz0o3sp2o/
2903922909564268407_5844811926,https://www.instagram.com/p/ChMzoAnsm93/
2903922367416949332_45421586,https://www.instagram.com/p/ChMzgHtMtpU/
2903920878657451731_2248794958,https://www.instagram.com/p/ChMzKdMN7bT/
2903919055381473773_501901508,https://www.instagram.com/p/ChMyv7IgCnt/
2903918894550197057_5488086626,https://www.instagram.com/p/ChMytlWNaNB/
2903917316132639544_2097000744,https://www.instagram.com/p/ChMyWnVMRM4/
2903916603487209552_1275108972,https://www.instagram.com/p/ChMyMPoNshQ/
2903915087950759027_245290882,https://www.instagram.com/p/ChMx2MLM8Rz/
2903913756904535220_8298472577,https://www.instagram.com/p/ChMxi0iqjS0/
2903910623130250362_144071106,https://www.instagram.com/p/ChMw1N_KWx6/
2903909707245781968_8596089136,https://www.instagram.com/p/ChMwn5AMYPQ/
2903909448390089352_7079646379,https://www.instagram.com/p/ChMwkH7MRqI/
2903909115446359798_8159293265,https://www.instagram.com/p/ChMwfR2Mvb2/
2903907532331643421_1977725305,https://www.instagram.com/p/ChMwIPdNXId/
2903906917261858601_7419425726,https://www.instagram.com/p/ChMv_SoMVcp/
2903906304228328711_4058342106,https://www.instagram.com/tv/ChMv2XsjAUH/
2903904074220396316_10454315446,https://www.instagram.com/p/ChMvV61t18c/
2903904074220396316_10454315446,https://www.instagram.com/p/ChMvV61t18c/
2903903488861149925_32337528,https://www.instagram.com/tv/ChMvNZrlhrl/
2903901939838408906_2091754840,https://www.instagram.com/p/ChMu23CotjK/
2903901423260834503_3291417460,https://www.instagram.com/p/ChMuvV8NprH/
2903895438744081855_30646496062,https://www.instagram.com/p/ChMtYQbN9W_/
2903891196523894834_860577598,https://www.instagram.com/p/ChMsahjMNgy/
2903889354570592661_13758812457,https://www.instagram.com/p/ChMr_uGN_GV/
2903889149041174959_2011411198,https://www.instagram.com/p/ChMr8urtemv/
2903888179603311363_7027434630,https://www.instagram.com/p/ChMrun0tgsD/
2903843594416840938_12905799498,https://www.instagram.com/p/ChMhl0ogmDq/
2904142779291843512_9277194578,https://www.instagram.com/p/ChNlniQtLu4/
2904142774962776354_7057808919,https://www.instagram.com/p/ChNlneOrGki/
2904142772975003162_8209465484,https://www.instagram.com/p/ChNlncYMWYa/
2904138769142476548_16561198532,https://www.instagram.com/p/ChNktLhLW8E/
2904138650124999790_46260185243,https://www.instagram.com/p/ChNkrcrLtxu/
2904136400560382157_1444658229,https://www.instagram.com/p/ChNkKtmruDN/
2904133075474709378_257728207,https://www.instagram.com/p/ChNjaU4IfuC/
2904132478684609490_2038166574,https://www.instagram.com/p/ChNjRpEq7vS/
2904129126060205845_3140996774,https://www.instagram.com/p/ChNig2srycV/
2904127823535024923_5817008428,https://www.instagram.com/p/ChNiN5oIisb/
2904125925864893775_3306613518,https://www.instagram.com/p/ChNhySSLe1P/
2904122190543985912_8483906593,https://www.instagram.com/p/ChNg77ftBz4/
2904119218896378448_49818366509,https://www.instagram.com/p/ChNgQr7tBpQ/
2904112577350798614_7057808919,https://www.instagram.com/p/ChNewCgvQ0W/
2904112574798194106_8209465484,https://www.instagram.com/p/ChNewAIl2W6/
2904112577476123760_9277194578,https://www.instagram.com/p/ChNewCoNVxw/
2904111495714453473_6921892607,https://www.instagram.com/p/ChNegTKMDfh/
2904107118060834999_4547978030,https://www.instagram.com/p/ChNdgmJsxC3/
2904102375082793132_8342555751,https://www.instagram.com/p/ChNcbk6LZis/
2904098861740064291_5348454090,https://www.instagram.com/p/ChNboc2of4j/
2904098900806775085_15733413589,https://www.instagram.com/p/ChNbpBPMLEt/
2904098570589213815_7974013465,https://www.instagram.com/p/ChNbkNssJR3/
2904098363138959863_8040052573,https://www.instagram.com/p/ChNbhMfsOn3/
2904096524457067149_443735615,https://www.instagram.com/p/ChNbGcFtcKN/
2904096386271380448_37025523,https://www.instagram.com/p/ChNbEbZM4Pg/
2904094553259658503_21384063969,https://www.instagram.com/p/ChNapwRME0H/
2904090748875121883_4748856114,https://www.instagram.com/p/ChNZyZKMyTb/
2904088429139739586_3412511592,https://www.instagram.com/p/ChNZQovMkPC/
2904087321969329672_3977586384,https://www.instagram.com/p/ChNZAhmsoYI/
2904085451536418727_18835678131,https://www.instagram.com/p/ChNYlToNUen/
2904082391304666454_8209465484,https://www.instagram.com/p/ChNX4xkLn1W/
2904082381865857021_9277194578,https://www.instagram.com/p/ChNX4oxla_9/
2904082368789552273_7057808919,https://www.instagram.com/p/ChNX4cmLRyR/
2904082293695356828_47309407086,https://www.instagram.com/p/ChNX3WqNp-c/
2904081178856837093_5945333714,https://www.instagram.com/p/ChNXnIYqM_l/
2904080488801592195_1498010841,https://www.instagram.com/p/ChNXdFuKWOD/
2904076362748150791_1977725305,https://www.instagram.com/p/ChNWhDCNkQH/
2904073720764069578_8720216241,https://www.instagram.com/p/ChNV6mfsHbK/
2904072955698076932_1590140602,https://www.instagram.com/p/ChNVvd-M90E/
2904069827233655046_15733413589,https://www.instagram.com/p/ChNVB8XMSkG/
2904068871242657446_32345535047,https://www.instagram.com/p/ChNU0CBsC6m/
2904067556496246303_8007133357,https://www.instagram.com/p/ChNUg5ksgYf/
2904061809150476300_4218771141,https://www.instagram.com/p/ChNTNQ8MUAM/
2904061271457127750_7437470541,https://www.instagram.com/p/ChNTFcLK91G/
2904059374406837414_13109224213,https://www.instagram.com/p/ChNSp1aKaSm/
2904058064785363822_1976376017,https://www.instagram.com/p/ChNSWxuo9Nu/
2904056441724467522_344987949,https://www.instagram.com/p/ChNR_KIq_lC/
2904056404644880194_48254595552,https://www.instagram.com/p/ChNR-nmjl9C/
2904054136157574361_6845266565,https://www.instagram.com/p/ChNRdm6LRTZ/
2904053589488438654_30646496062,https://www.instagram.com/p/ChNRVpyKA1-/
2904053313294483735_1958773015,https://www.instagram.com/p/ChNRRojtsEX/
2904052997941398046_32349908749,https://www.instagram.com/p/ChNRNC3NIoe/
2904052220485459775_8209465484,https://www.instagram.com/p/ChNRBuzOF8_/
2904052212533188539_9277194578,https://www.instagram.com/p/ChNRBnZOle7/
2904052202633943726_7057808919,https://www.instagram.com/p/ChNRBeLL9qu/
2904051944390921094_1908022690,https://www.instagram.com/p/ChNQ9tqtAuG/
2904048959279506441_1543874844,https://www.instagram.com/p/ChNQSRkMqQJ/
2904047517479019162_7079646379,https://www.instagram.com/p/ChNP9SyMSKa/
2904046886664205504_487607465,https://www.instagram.com/p/ChNP0HSsvTA/
2904046876175944010_7395017850,https://www.instagram.com/p/ChNPz9hjMlK/
2904044948341461534_12748210291,https://www.instagram.com/p/ChNPX6FqRIe/
2904044776308476524_7807170926,https://www.instagram.com/p/ChNPVZ3sgps/
2904044545041861167_4373713715,https://www.instagram.com/p/ChNPSCfIYov/
2904043645330001625_4544521610,https://www.instagram.com/p/ChNPE8kIA7Z/
2904039057013728548_1598914394,https://www.instagram.com/p/ChNOCLXKeUk/
2904038489826955415_8596089136,https://www.instagram.com/p/ChNN57IMpCX/
2904038209605365269_8230499285,https://www.instagram.com/p/ChNN12JsG4V/
2904037966251859466_328970278,https://www.instagram.com/p/ChNNyTgsJ4K/
2904037055793366939_3207275107,https://www.instagram.com/p/ChNNlDlIoeb/
2904036944737732421_7566364244,https://www.instagram.com/p/ChNNjcJtAdF/
2904035829807773690_4427343458,https://www.instagram.com/p/ChNNTNysvf6/
2904034009010168538_283585351,https://www.instagram.com/p/ChNM4uCtGLa/
2904033220573010513_25103677,https://www.instagram.com/p/ChNMtPwMBpR/
2904032354130001010_2241573464,https://www.instagram.com/p/ChNMgo0KPxy/
2904031991583677780_301297811,https://www.instagram.com/p/ChNMbXKtx1U/
2904031581899919412_519535327,https://www.instagram.com/p/ChNMVZnqRA0/
2904030988490678924_5488086626,https://www.instagram.com/p/ChNMMw9tqKM/
2904030429061856174_6164808604,https://www.instagram.com/p/ChNMEn9KDuu/
2903661616680168008_2248794958,https://www.instagram.com/p/ChL4NsqKGpI/
2903554972458427817_34209505505,https://www.instagram.com/p/ChLf90fNCWp/
2903787922190230629_11072221743,https://www.instagram.com/p/ChMU7r1N-Rl/
2903737147756911265_519535327,https://www.instagram.com/p/ChMJY0dKBqh/
2903736953242861315_1653324253,https://www.instagram.com/p/ChMJV_TNz8D/
2903735896311026470_9003799328,https://www.instagram.com/p/ChMJGm9K1Mm/
2903735184764882272_37752714071,https://www.instagram.com/p/ChMI8QRts1g/
2903733431973188462_3856865367,https://www.instagram.com/p/ChMIiv3MBNu/
2903732895110300069_30646496062,https://www.instagram.com/p/ChMIa73qoGl/
2903732179215432312_11330283418,https://www.instagram.com/p/ChMIQhJAbp4/
2903728828302937658_40966447081,https://www.instagram.com/p/ChMHfwXDs46/
2903727939205459058_7072005874,https://www.instagram.com/p/ChMHS0Ut-xy/
2903726750110935915_11168871461,https://www.instagram.com/p/ChMHBg5KWtr/
2903720218162641152_8337227020,https://www.instagram.com/p/ChMFiditDkA/
2903719925660259611_840069268,https://www.instagram.com/p/ChMFeNINBUb/
2903719896777138729_5338266096,https://www.instagram.com/p/ChMFdyOoqIp/
2903711841866566121_861122286,https://www.instagram.com/p/ChMDokgjUnp/
2903704338669034246_7848118393,https://www.instagram.com/p/ChMB7YnINsG/
2903695715147841333_2295410513,https://www.instagram.com/p/ChL_95VNf81/
2903689918737126666_3002581914,https://www.instagram.com/p/ChL-pjANZUK/
2903670580779714515_6144511913,https://www.instagram.com/tv/ChL6QJIIIfT/
2904100149946140678_1033138489,https://www.instagram.com/p/ChNb7MlssgG/
2904054768163566435_7375062849,https://www.instagram.com/p/ChNRmzgqzNj/
2904029490704518047_7057808919,https://www.instagram.com/p/ChNL2-Cs4uf/
2904029484714833122_9277194578,https://www.instagram.com/p/ChNL24dsDTi/
2904029471544882301_8209465484,https://www.instagram.com/p/ChNL2sMsrR9/
2904027913737425954_1818241009,https://www.instagram.com/p/ChNLgBYI1Qi/
2904027280197234120_1476841010,https://www.instagram.com/p/ChNLWzWMy3I/
2904026774329901902_13758812457,https://www.instagram.com/p/ChNLPcOKENO/
2904025890514018271_1133929343,https://www.instagram.com/p/ChNLClGoB_f/
2904025226129158453_7263755241,https://www.instagram.com/p/ChNK46WM7E1/
2904025066325457779_8654246719,https://www.instagram.com/p/ChNK2lhKLtz/
2904024321559800630_1146537851,https://www.instagram.com/p/ChNKrv5qqs2/
2904022769273610313_6233410221,https://www.instagram.com/p/ChNKVKOMyBJ/
2904022129935738681_1275108972,https://www.instagram.com/tv/ChNKL2ysWc5/
2904020873086287249_13142868300,https://www.instagram.com/p/ChNJ5kQoL2R/
2904019854256931013_7050977791,https://www.instagram.com/p/ChNJqvZqoDF/
2904018682511471856_621799674,https://www.instagram.com/p/ChNJZsIMbTw/
2904017335821305063_4109382046,https://www.instagram.com/p/ChNJGF7NITn/
2904017094413813029_5902125468,https://www.instagram.com/p/ChNJClGMoUl/
2904012173866010613_30646496062,https://www.instagram.com/p/ChNH6-esYf1/
2904011958739750469_1462423993,https://www.instagram.com/p/ChNH32IK05F/
2904010926848699779_8298472577,https://www.instagram.com/p/ChNHo1Gq22D/
2904010399203249510_5376540393,https://www.instagram.com/p/ChNHhJsjM1m/
2904008451512954506_1383314512,https://www.instagram.com/p/ChNHEzxKW6K/
2904007208212271933_1444658229,https://www.instagram.com/p/ChNGyt2qpM9/
2904006853550899053_7057808919,https://www.instagram.com/p/ChNGtjjM39t/
2904006838007172709_9277194578,https://www.instagram.com/p/ChNGtVEuQ5l/
2904006824962521582_8209465484,https://www.instagram.com/p/ChNGtI7M3nu/
2904005401373649031_7974013465,https://www.instagram.com/p/ChNGYbGsSiH/
2904005386624189877_6817545378,https://www.instagram.com/p/ChNGYNXjkW1/
2904003377496212756_8720216241,https://www.instagram.com/p/ChNF6-OMkUU/
2904002929458374938_3612959816,https://www.instagram.com/p/ChNF0c9D2ka/
2904001981573210676_2246524364,https://www.instagram.com/p/ChNFmqKs6I0/
2904001854133304373_1756599116,https://www.instagram.com/p/ChNFkzesPw1/
2904001240397597547_245290882,https://www.instagram.com/p/ChNFb35MUtr/
2904000951150094039_1193609955,https://www.instagram.com/p/ChNFXqgsqbX/
2904000816932521252_12519492563,https://www.instagram.com/p/ChNFVtgtQUk/
2903999252355301873_8435175517,https://www.instagram.com/p/ChNE-8Yo0Hx/
2903998209289345071_12283543380,https://www.instagram.com/p/ChNEvw9D9gv/
2903995657561141142_2011411198,https://www.instagram.com/p/ChNEKoeNW-W/
2903993237514624434_21553783051,https://www.instagram.com/p/ChNDnaoMh2y/
2903993226475191509_276272006,https://www.instagram.com/p/ChNDnQWMbzV/
2903992958450917064_319173381,https://www.instagram.com/p/ChNDjWus97I/
2903992764237812303_6004441260,https://www.instagram.com/p/ChNDgh2sxJP/
2903991799045081907_7057808919,https://www.instagram.com/p/ChNDSe8ussz/
2903991793625552945_8209465484,https://www.instagram.com/p/ChNDSZ5s1gx/
2903991806795548212_9277194578,https://www.instagram.com/p/ChNDSmKsYY0/
2903990857020837328_2076377877,https://www.instagram.com/p/ChNDExntY3Q/
2903988453508568642_12634827,https://www.instagram.com/p/ChNChzLNtZC/
2903987667266791804_250846716,https://www.instagram.com/p/ChNCWW7jWl8/
2903984741792682198_1074611189,https://www.instagram.com/p/ChNBryXtRDW/
2903984425240341076_1977725305,https://www.instagram.com/p/ChNBnLjt6pU/
2903983165085847937_1755732824,https://www.instagram.com/p/ChNBU18qBGB/
2903982726211323589_27315252377,https://www.instagram.com/p/ChNBOdNskbF/
2903980960056909802_30646496062,https://www.instagram.com/p/ChNA0wWsJ_q/
2903978717731722173_3090448718,https://www.instagram.com/p/ChNAUIBsZO9/
2903977954703875308_1444658229,https://www.instagram.com/p/ChNAJBZsJzs/
2903976642650640485_8209465484,https://www.instagram.com/p/ChM_17dORBl/
2903976646950440381_9277194578,https://www.instagram.com/p/ChM_1_dgs29/
2903976626334232136_7057808919,https://www.instagram.com/p/ChM_1sQsG5I/
2903975063310235157_1543874844,https://www.instagram.com/p/ChM_e8lMvYV/
